"","Date","FB.Close"
"2012-06-01","2012-06-01",27.719999
"2012-06-04","2012-06-04",26.9
"2012-06-05","2012-06-05",25.870001
"2012-06-06","2012-06-06",26.809999
"2012-06-07","2012-06-07",26.309999
"2012-06-08","2012-06-08",27.1
"2012-06-11","2012-06-11",27.01
"2012-06-12","2012-06-12",27.4
"2012-06-13","2012-06-13",27.27
"2012-06-14","2012-06-14",28.290001
"2012-06-15","2012-06-15",30.01
"2012-06-18","2012-06-18",31.41
"2012-06-19","2012-06-19",31.91
"2012-06-20","2012-06-20",31.6
"2012-06-21","2012-06-21",31.84
"2012-06-22","2012-06-22",33.049999
"2012-06-25","2012-06-25",32.060001
"2012-06-26","2012-06-26",33.099998
"2012-06-27","2012-06-27",32.23
"2012-06-28","2012-06-28",31.360001
"2012-06-29","2012-06-29",31.1
"2012-07-02","2012-07-02",30.77
"2012-07-03","2012-07-03",31.200001
"2012-07-05","2012-07-05",31.469999
"2012-07-06","2012-07-06",31.73
"2012-07-09","2012-07-09",32.169998
"2012-07-10","2012-07-10",31.469999
"2012-07-11","2012-07-11",30.969999
"2012-07-12","2012-07-12",30.809999
"2012-07-13","2012-07-13",30.719999
"2012-07-16","2012-07-16",28.25
"2012-07-17","2012-07-17",28.09
"2012-07-18","2012-07-18",29.110001
"2012-07-19","2012-07-19",29
"2012-07-20","2012-07-20",28.76
"2012-07-23","2012-07-23",28.75
"2012-07-24","2012-07-24",28.450001
"2012-07-25","2012-07-25",29.34
"2012-07-26","2012-07-26",26.85
"2012-07-27","2012-07-27",23.709999
"2012-07-30","2012-07-30",23.15
"2012-07-31","2012-07-31",21.709999
"2012-08-01","2012-08-01",20.879999
"2012-08-02","2012-08-02",20.040001
"2012-08-03","2012-08-03",21.09
"2012-08-06","2012-08-06",21.92
"2012-08-07","2012-08-07",20.719999
"2012-08-08","2012-08-08",20.719999
"2012-08-09","2012-08-09",21.01
"2012-08-10","2012-08-10",21.809999
"2012-08-13","2012-08-13",21.6
"2012-08-14","2012-08-14",20.379999
"2012-08-15","2012-08-15",21.200001
"2012-08-16","2012-08-16",19.870001
"2012-08-17","2012-08-17",19.049999
"2012-08-20","2012-08-20",20.01
"2012-08-21","2012-08-21",19.16
"2012-08-22","2012-08-22",19.440001
"2012-08-23","2012-08-23",19.440001
"2012-08-24","2012-08-24",19.41
"2012-08-27","2012-08-27",19.15
"2012-08-28","2012-08-28",19.34
"2012-08-29","2012-08-29",19.1
"2012-08-30","2012-08-30",19.09
"2012-08-31","2012-08-31",18.059999
"2012-09-04","2012-09-04",17.73
"2012-09-05","2012-09-05",18.58
"2012-09-06","2012-09-06",18.959999
"2012-09-07","2012-09-07",18.98
"2012-09-10","2012-09-10",18.809999
"2012-09-11","2012-09-11",19.43
"2012-09-12","2012-09-12",20.93
"2012-09-13","2012-09-13",20.709999
"2012-09-14","2012-09-14",22
"2012-09-17","2012-09-17",21.52
"2012-09-18","2012-09-18",21.870001
"2012-09-19","2012-09-19",23.290001
"2012-09-20","2012-09-20",22.59
"2012-09-21","2012-09-21",22.860001
"2012-09-24","2012-09-24",20.790001
"2012-09-25","2012-09-25",20.280001
"2012-09-26","2012-09-26",20.620001
"2012-09-27","2012-09-27",20.32
"2012-09-28","2012-09-28",21.66
"2012-10-01","2012-10-01",21.99
"2012-10-02","2012-10-02",22.27
"2012-10-03","2012-10-03",21.83
"2012-10-04","2012-10-04",21.950001
"2012-10-05","2012-10-05",20.91
"2012-10-08","2012-10-08",20.4
"2012-10-09","2012-10-09",20.23
"2012-10-10","2012-10-10",19.639999
"2012-10-11","2012-10-11",19.75
"2012-10-12","2012-10-12",19.52
"2012-10-15","2012-10-15",19.52
"2012-10-16","2012-10-16",19.48
"2012-10-17","2012-10-17",19.879999
"2012-10-18","2012-10-18",18.98
"2012-10-19","2012-10-19",19
"2012-10-22","2012-10-22",19.32
"2012-10-23","2012-10-23",19.5
"2012-10-24","2012-10-24",23.23
"2012-10-25","2012-10-25",22.559999
"2012-10-26","2012-10-26",21.940001
"2012-10-31","2012-10-31",21.110001
"2012-11-01","2012-11-01",21.209999
"2012-11-02","2012-11-02",21.18
"2012-11-05","2012-11-05",21.25
"2012-11-06","2012-11-06",21.17
"2012-11-07","2012-11-07",20.469999
"2012-11-08","2012-11-08",19.99
"2012-11-09","2012-11-09",19.209999
"2012-11-12","2012-11-12",20.07
"2012-11-13","2012-11-13",19.860001
"2012-11-14","2012-11-14",22.360001
"2012-11-15","2012-11-15",22.17
"2012-11-16","2012-11-16",23.559999
"2012-11-19","2012-11-19",22.92
"2012-11-20","2012-11-20",23.1
"2012-11-21","2012-11-21",24.32
"2012-11-23","2012-11-23",24
"2012-11-26","2012-11-26",25.940001
"2012-11-27","2012-11-27",26.15
"2012-11-28","2012-11-28",26.360001
"2012-11-29","2012-11-29",27.32
"2012-11-30","2012-11-30",28
"2012-12-03","2012-12-03",27.040001
"2012-12-04","2012-12-04",27.459999
"2012-12-05","2012-12-05",27.709999
"2012-12-06","2012-12-06",26.969999
"2012-12-07","2012-12-07",27.49
"2012-12-10","2012-12-10",27.84
"2012-12-11","2012-12-11",27.98
"2012-12-12","2012-12-12",27.58
"2012-12-13","2012-12-13",28.24
"2012-12-14","2012-12-14",26.809999
"2012-12-17","2012-12-17",26.75
"2012-12-18","2012-12-18",27.709999
"2012-12-19","2012-12-19",27.41
"2012-12-20","2012-12-20",27.360001
"2012-12-21","2012-12-21",26.26
"2012-12-24","2012-12-24",26.93
"2012-12-26","2012-12-26",26.51
"2012-12-27","2012-12-27",26.049999
"2012-12-28","2012-12-28",25.91
"2012-12-31","2012-12-31",26.620001
"2013-01-02","2013-01-02",28
"2013-01-03","2013-01-03",27.77
"2013-01-04","2013-01-04",28.76
"2013-01-07","2013-01-07",29.42
"2013-01-08","2013-01-08",29.059999
"2013-01-09","2013-01-09",30.59
"2013-01-10","2013-01-10",31.299999
"2013-01-11","2013-01-11",31.719999
"2013-01-14","2013-01-14",30.950001
"2013-01-15","2013-01-15",30.1
"2013-01-16","2013-01-16",29.85
"2013-01-17","2013-01-17",30.139999
"2013-01-18","2013-01-18",29.66
"2013-01-22","2013-01-22",30.73
"2013-01-23","2013-01-23",30.82
"2013-01-24","2013-01-24",31.08
"2013-01-25","2013-01-25",31.540001
"2013-01-28","2013-01-28",32.470001
"2013-01-29","2013-01-29",30.790001
"2013-01-30","2013-01-30",31.24
"2013-01-31","2013-01-31",30.98
"2013-02-01","2013-02-01",29.73
"2013-02-04","2013-02-04",28.110001
"2013-02-05","2013-02-05",28.639999
"2013-02-06","2013-02-06",29.049999
"2013-02-07","2013-02-07",28.65
"2013-02-08","2013-02-08",28.549999
"2013-02-11","2013-02-11",28.26
"2013-02-12","2013-02-12",27.370001
"2013-02-13","2013-02-13",27.91
"2013-02-14","2013-02-14",28.5
"2013-02-15","2013-02-15",28.32
"2013-02-19","2013-02-19",28.93
"2013-02-20","2013-02-20",28.459999
"2013-02-21","2013-02-21",27.280001
"2013-02-22","2013-02-22",27.129999
"2013-02-25","2013-02-25",27.27
"2013-02-26","2013-02-26",27.389999
"2013-02-27","2013-02-27",26.870001
"2013-02-28","2013-02-28",27.25
"2013-03-01","2013-03-01",27.780001
"2013-03-04","2013-03-04",27.719999
"2013-03-05","2013-03-05",27.52
"2013-03-06","2013-03-06",27.450001
"2013-03-07","2013-03-07",28.58
"2013-03-08","2013-03-08",27.959999
"2013-03-11","2013-03-11",28.139999
"2013-03-12","2013-03-12",27.83
"2013-03-13","2013-03-13",27.08
"2013-03-14","2013-03-14",27.040001
"2013-03-15","2013-03-15",26.65
"2013-03-18","2013-03-18",26.49
"2013-03-19","2013-03-19",26.549999
"2013-03-20","2013-03-20",25.860001
"2013-03-21","2013-03-21",25.74
"2013-03-22","2013-03-22",25.73
"2013-03-25","2013-03-25",25.129999
"2013-03-26","2013-03-26",25.209999
"2013-03-27","2013-03-27",26.09
"2013-03-28","2013-03-28",25.58
"2013-04-01","2013-04-01",25.530001
"2013-04-02","2013-04-02",25.42
"2013-04-03","2013-04-03",26.25
"2013-04-04","2013-04-04",27.07
"2013-04-05","2013-04-05",27.389999
"2013-04-08","2013-04-08",26.85
"2013-04-09","2013-04-09",26.59
"2013-04-10","2013-04-10",27.57
"2013-04-11","2013-04-11",28.02
"2013-04-12","2013-04-12",27.4
"2013-04-15","2013-04-15",26.52
"2013-04-16","2013-04-16",26.92
"2013-04-17","2013-04-17",26.629999
"2013-04-18","2013-04-18",25.690001
"2013-04-19","2013-04-19",25.73
"2013-04-22","2013-04-22",25.969999
"2013-04-23","2013-04-23",25.98
"2013-04-24","2013-04-24",26.110001
"2013-04-25","2013-04-25",26.139999
"2013-04-26","2013-04-26",26.85
"2013-04-29","2013-04-29",26.98
"2013-04-30","2013-04-30",27.77
"2013-05-01","2013-05-01",27.43
"2013-05-02","2013-05-02",28.969999
"2013-05-03","2013-05-03",28.309999
"2013-05-06","2013-05-06",27.57
"2013-05-07","2013-05-07",26.889999
"2013-05-08","2013-05-08",27.120001
"2013-05-09","2013-05-09",27.040001
"2013-05-10","2013-05-10",26.68
"2013-05-13","2013-05-13",26.82
"2013-05-14","2013-05-14",27.07
"2013-05-15","2013-05-15",26.6
"2013-05-16","2013-05-16",26.129999
"2013-05-17","2013-05-17",26.25
"2013-05-20","2013-05-20",25.76
"2013-05-21","2013-05-21",25.66
"2013-05-22","2013-05-22",25.16
"2013-05-23","2013-05-23",25.059999
"2013-05-24","2013-05-24",24.309999
"2013-05-28","2013-05-28",24.1
"2013-05-29","2013-05-29",23.32
"2013-05-30","2013-05-30",24.549999
"2013-05-31","2013-05-31",24.35
"2013-06-03","2013-06-03",23.85
"2013-06-04","2013-06-04",23.52
"2013-06-05","2013-06-05",22.9
"2013-06-06","2013-06-06",22.969999
"2013-06-07","2013-06-07",23.290001
"2013-06-10","2013-06-10",24.33
"2013-06-11","2013-06-11",24.030001
"2013-06-12","2013-06-12",23.77
"2013-06-13","2013-06-13",23.73
"2013-06-14","2013-06-14",23.629999
"2013-06-17","2013-06-17",24.02
"2013-06-18","2013-06-18",24.209999
"2013-06-19","2013-06-19",24.309999
"2013-06-20","2013-06-20",23.9
"2013-06-21","2013-06-21",24.530001
"2013-06-24","2013-06-24",23.940001
"2013-06-25","2013-06-25",24.25
"2013-06-26","2013-06-26",24.16
"2013-06-27","2013-06-27",24.66
"2013-06-28","2013-06-28",24.879999
"2013-07-01","2013-07-01",24.809999
"2013-07-02","2013-07-02",24.41
"2013-07-03","2013-07-03",24.52
"2013-07-05","2013-07-05",24.370001
"2013-07-08","2013-07-08",24.709999
"2013-07-09","2013-07-09",25.48
"2013-07-10","2013-07-10",25.799999
"2013-07-11","2013-07-11",25.809999
"2013-07-12","2013-07-12",25.91
"2013-07-15","2013-07-15",26.280001
"2013-07-16","2013-07-16",26.32
"2013-07-17","2013-07-17",26.65
"2013-07-18","2013-07-18",26.18
"2013-07-19","2013-07-19",25.879999
"2013-07-22","2013-07-22",26.049999
"2013-07-23","2013-07-23",26.129999
"2013-07-24","2013-07-24",26.51
"2013-07-25","2013-07-25",34.360001
"2013-07-26","2013-07-26",34.009998
"2013-07-29","2013-07-29",35.43
"2013-07-30","2013-07-30",37.630001
"2013-07-31","2013-07-31",36.799999
"2013-08-01","2013-08-01",37.490002
"2013-08-02","2013-08-02",38.049999
"2013-08-05","2013-08-05",39.189999
"2013-08-06","2013-08-06",38.549999
"2013-08-07","2013-08-07",38.869999
"2013-08-08","2013-08-08",38.540001
"2013-08-09","2013-08-09",38.5
"2013-08-12","2013-08-12",38.220001
"2013-08-13","2013-08-13",37.02
"2013-08-14","2013-08-14",36.650002
"2013-08-15","2013-08-15",36.560001
"2013-08-16","2013-08-16",37.080002
"2013-08-19","2013-08-19",37.810001
"2013-08-20","2013-08-20",38.41
"2013-08-21","2013-08-21",38.32
"2013-08-22","2013-08-22",38.549999
"2013-08-23","2013-08-23",40.549999
"2013-08-26","2013-08-26",41.34
"2013-08-27","2013-08-27",39.639999
"2013-08-28","2013-08-28",40.549999
"2013-08-29","2013-08-29",41.279999
"2013-08-30","2013-08-30",41.290001
"2013-09-03","2013-09-03",41.869999
"2013-09-04","2013-09-04",41.779999
"2013-09-05","2013-09-05",42.66
"2013-09-06","2013-09-06",43.950001
"2013-09-09","2013-09-09",44.040001
"2013-09-10","2013-09-10",43.599998
"2013-09-11","2013-09-11",45.040001
"2013-09-12","2013-09-12",44.75
"2013-09-13","2013-09-13",44.310001
"2013-09-16","2013-09-16",42.509998
"2013-09-17","2013-09-17",45.07
"2013-09-18","2013-09-18",45.23
"2013-09-19","2013-09-19",45.98
"2013-09-20","2013-09-20",47.490002
"2013-09-23","2013-09-23",47.189999
"2013-09-24","2013-09-24",48.450001
"2013-09-25","2013-09-25",49.459999
"2013-09-26","2013-09-26",50.389999
"2013-09-27","2013-09-27",51.240002
"2013-09-30","2013-09-30",50.23
"2013-10-01","2013-10-01",50.419998
"2013-10-02","2013-10-02",50.279999
"2013-10-03","2013-10-03",49.18
"2013-10-04","2013-10-04",51.040001
"2013-10-07","2013-10-07",50.52
"2013-10-08","2013-10-08",47.139999
"2013-10-09","2013-10-09",46.77
"2013-10-10","2013-10-10",49.049999
"2013-10-11","2013-10-11",49.110001
"2013-10-14","2013-10-14",49.509998
"2013-10-15","2013-10-15",49.5
"2013-10-16","2013-10-16",51.139999
"2013-10-17","2013-10-17",52.209999
"2013-10-18","2013-10-18",54.220001
"2013-10-21","2013-10-21",53.849998
"2013-10-22","2013-10-22",52.68
"2013-10-23","2013-10-23",51.900002
"2013-10-24","2013-10-24",52.450001
"2013-10-25","2013-10-25",51.950001
"2013-10-28","2013-10-28",50.23
"2013-10-29","2013-10-29",49.400002
"2013-10-30","2013-10-30",49.009998
"2013-10-31","2013-10-31",50.209999
"2013-11-01","2013-11-01",49.75
"2013-11-04","2013-11-04",48.220001
"2013-11-05","2013-11-05",50.110001
"2013-11-06","2013-11-06",49.119999
"2013-11-07","2013-11-07",47.560001
"2013-11-08","2013-11-08",47.529999
"2013-11-11","2013-11-11",46.200001
"2013-11-12","2013-11-12",46.610001
"2013-11-13","2013-11-13",48.709999
"2013-11-14","2013-11-14",48.990002
"2013-11-15","2013-11-15",49.009998
"2013-11-18","2013-11-18",45.830002
"2013-11-19","2013-11-19",46.360001
"2013-11-20","2013-11-20",46.43
"2013-11-21","2013-11-21",46.700001
"2013-11-22","2013-11-22",46.23
"2013-11-25","2013-11-25",44.82
"2013-11-26","2013-11-26",45.889999
"2013-11-27","2013-11-27",46.490002
"2013-11-29","2013-11-29",47.009998
"2013-12-02","2013-12-02",47.060001
"2013-12-03","2013-12-03",46.73
"2013-12-04","2013-12-04",48.619999
"2013-12-05","2013-12-05",48.34
"2013-12-06","2013-12-06",47.939999
"2013-12-09","2013-12-09",48.84
"2013-12-10","2013-12-10",50.25
"2013-12-11","2013-12-11",49.380001
"2013-12-12","2013-12-12",51.830002
"2013-12-13","2013-12-13",53.32
"2013-12-16","2013-12-16",53.810001
"2013-12-17","2013-12-17",54.860001
"2013-12-18","2013-12-18",55.57
"2013-12-19","2013-12-19",55.049999
"2013-12-20","2013-12-20",55.119999
"2013-12-23","2013-12-23",57.77
"2013-12-24","2013-12-24",57.959999
"2013-12-26","2013-12-26",57.73
"2013-12-27","2013-12-27",55.439999
"2013-12-30","2013-12-30",53.709999
"2013-12-31","2013-12-31",54.650002
"2014-01-02","2014-01-02",54.709999
"2014-01-03","2014-01-03",54.560001
"2014-01-06","2014-01-06",57.200001
"2014-01-07","2014-01-07",57.919998
"2014-01-08","2014-01-08",58.23
"2014-01-09","2014-01-09",57.220001
"2014-01-10","2014-01-10",57.939999
"2014-01-13","2014-01-13",55.91
"2014-01-14","2014-01-14",57.740002
"2014-01-15","2014-01-15",57.599998
"2014-01-16","2014-01-16",57.189999
"2014-01-17","2014-01-17",56.299999
"2014-01-21","2014-01-21",58.509998
"2014-01-22","2014-01-22",57.509998
"2014-01-23","2014-01-23",56.630001
"2014-01-24","2014-01-24",54.450001
"2014-01-27","2014-01-27",53.549999
"2014-01-28","2014-01-28",55.139999
"2014-01-29","2014-01-29",53.529999
"2014-01-30","2014-01-30",61.080002
"2014-01-31","2014-01-31",62.57
"2014-02-03","2014-02-03",61.48
"2014-02-04","2014-02-04",62.75
"2014-02-05","2014-02-05",62.189999
"2014-02-06","2014-02-06",62.16
"2014-02-07","2014-02-07",64.32
"2014-02-10","2014-02-10",63.549999
"2014-02-11","2014-02-11",64.849998
"2014-02-12","2014-02-12",64.449997
"2014-02-13","2014-02-13",67.330002
"2014-02-14","2014-02-14",67.089996
"2014-02-18","2014-02-18",67.300003
"2014-02-19","2014-02-19",68.059998
"2014-02-20","2014-02-20",69.629997
"2014-02-21","2014-02-21",68.589996
"2014-02-24","2014-02-24",70.779999
"2014-02-25","2014-02-25",69.849998
"2014-02-26","2014-02-26",69.260002
"2014-02-27","2014-02-27",68.940002
"2014-02-28","2014-02-28",68.459999
"2014-03-03","2014-03-03",67.410004
"2014-03-04","2014-03-04",68.800003
"2014-03-05","2014-03-05",71.57
"2014-03-06","2014-03-06",70.839996
"2014-03-07","2014-03-07",69.800003
"2014-03-10","2014-03-10",72.029999
"2014-03-11","2014-03-11",70.099998
"2014-03-12","2014-03-12",70.879997
"2014-03-13","2014-03-13",68.830002
"2014-03-14","2014-03-14",67.720001
"2014-03-17","2014-03-17",68.739998
"2014-03-18","2014-03-18",69.190002
"2014-03-19","2014-03-19",68.239998
"2014-03-20","2014-03-20",66.970001
"2014-03-21","2014-03-21",67.239998
"2014-03-24","2014-03-24",64.099998
"2014-03-25","2014-03-25",64.889999
"2014-03-26","2014-03-26",60.389999
"2014-03-27","2014-03-27",60.970001
"2014-03-28","2014-03-28",60.009998
"2014-03-31","2014-03-31",60.240002
"2014-04-01","2014-04-01",62.619999
"2014-04-02","2014-04-02",62.720001
"2014-04-03","2014-04-03",59.490002
"2014-04-04","2014-04-04",56.75
"2014-04-07","2014-04-07",56.950001
"2014-04-08","2014-04-08",58.189999
"2014-04-09","2014-04-09",62.41
"2014-04-10","2014-04-10",59.16
"2014-04-11","2014-04-11",58.529999
"2014-04-14","2014-04-14",58.889999
"2014-04-15","2014-04-15",59.09
"2014-04-16","2014-04-16",59.720001
"2014-04-17","2014-04-17",58.939999
"2014-04-21","2014-04-21",61.240002
"2014-04-22","2014-04-22",63.029999
"2014-04-23","2014-04-23",61.360001
"2014-04-24","2014-04-24",60.869999
"2014-04-25","2014-04-25",57.709999
"2014-04-28","2014-04-28",56.139999
"2014-04-29","2014-04-29",58.150002
"2014-04-30","2014-04-30",59.779999
"2014-05-01","2014-05-01",61.150002
"2014-05-02","2014-05-02",60.459999
"2014-05-05","2014-05-05",61.220001
"2014-05-06","2014-05-06",58.529999
"2014-05-07","2014-05-07",57.389999
"2014-05-08","2014-05-08",56.759998
"2014-05-09","2014-05-09",57.240002
"2014-05-12","2014-05-12",59.830002
"2014-05-13","2014-05-13",59.830002
"2014-05-14","2014-05-14",59.23
"2014-05-15","2014-05-15",57.919998
"2014-05-16","2014-05-16",58.02
"2014-05-19","2014-05-19",59.209999
"2014-05-20","2014-05-20",58.560001
"2014-05-21","2014-05-21",60.490002
"2014-05-22","2014-05-22",60.52
"2014-05-23","2014-05-23",61.349998
"2014-05-27","2014-05-27",63.48
"2014-05-28","2014-05-28",63.509998
"2014-05-29","2014-05-29",63.830002
"2014-05-30","2014-05-30",63.299999
"2014-06-02","2014-06-02",63.080002
"2014-06-03","2014-06-03",62.869999
"2014-06-04","2014-06-04",63.34
"2014-06-05","2014-06-05",63.189999
"2014-06-06","2014-06-06",62.5
"2014-06-09","2014-06-09",62.880001
"2014-06-10","2014-06-10",65.769997
"2014-06-11","2014-06-11",65.779999
"2014-06-12","2014-06-12",64.290001
"2014-06-13","2014-06-13",64.5
"2014-06-16","2014-06-16",64.190002
"2014-06-17","2014-06-17",64.400002
"2014-06-18","2014-06-18",65.599998
"2014-06-19","2014-06-19",64.339996
"2014-06-20","2014-06-20",64.5
"2014-06-23","2014-06-23",65.370003
"2014-06-24","2014-06-24",65.720001
"2014-06-25","2014-06-25",67.440002
"2014-06-26","2014-06-26",67.129997
"2014-06-27","2014-06-27",67.599998
"2014-06-30","2014-06-30",67.290001
"2014-07-01","2014-07-01",68.059998
"2014-07-02","2014-07-02",66.449997
"2014-07-03","2014-07-03",66.290001
"2014-07-07","2014-07-07",65.290001
"2014-07-08","2014-07-08",62.759998
"2014-07-09","2014-07-09",64.970001
"2014-07-10","2014-07-10",64.870003
"2014-07-11","2014-07-11",66.339996
"2014-07-14","2014-07-14",67.900002
"2014-07-15","2014-07-15",67.169998
"2014-07-16","2014-07-16",67.660004
"2014-07-17","2014-07-17",66.410004
"2014-07-18","2014-07-18",68.419998
"2014-07-21","2014-07-21",69.400002
"2014-07-22","2014-07-22",69.269997
"2014-07-23","2014-07-23",71.290001
"2014-07-24","2014-07-24",74.980003
"2014-07-25","2014-07-25",75.190002
"2014-07-28","2014-07-28",74.919998
"2014-07-29","2014-07-29",73.709999
"2014-07-30","2014-07-30",74.68
"2014-07-31","2014-07-31",72.650002
"2014-08-01","2014-08-01",72.360001
"2014-08-04","2014-08-04",73.510002
"2014-08-05","2014-08-05",72.690002
"2014-08-06","2014-08-06",72.470001
"2014-08-07","2014-08-07",73.169998
"2014-08-08","2014-08-08",73.059998
"2014-08-11","2014-08-11",73.440002
"2014-08-12","2014-08-12",72.830002
"2014-08-13","2014-08-13",73.769997
"2014-08-14","2014-08-14",74.300003
"2014-08-15","2014-08-15",73.629997
"2014-08-18","2014-08-18",74.589996
"2014-08-19","2014-08-19",75.290001
"2014-08-20","2014-08-20",74.809998
"2014-08-21","2014-08-21",74.57
"2014-08-22","2014-08-22",74.57
"2014-08-25","2014-08-25",75.019997
"2014-08-26","2014-08-26",75.959999
"2014-08-27","2014-08-27",74.629997
"2014-08-28","2014-08-28",73.860001
"2014-08-29","2014-08-29",74.82
"2014-09-02","2014-09-02",76.68
"2014-09-03","2014-09-03",75.830002
"2014-09-04","2014-09-04",75.949997
"2014-09-05","2014-09-05",77.260002
"2014-09-08","2014-09-08",77.889999
"2014-09-09","2014-09-09",76.669998
"2014-09-10","2014-09-10",77.43
"2014-09-11","2014-09-11",77.919998
"2014-09-12","2014-09-12",77.480003
"2014-09-15","2014-09-15",74.580002
"2014-09-16","2014-09-16",76.080002
"2014-09-17","2014-09-17",76.43
"2014-09-18","2014-09-18",77
"2014-09-19","2014-09-19",77.910004
"2014-09-22","2014-09-22",76.800003
"2014-09-23","2014-09-23",78.290001
"2014-09-24","2014-09-24",78.540001
"2014-09-25","2014-09-25",77.220001
"2014-09-26","2014-09-26",78.790001
"2014-09-29","2014-09-29",79
"2014-09-30","2014-09-30",79.040001
"2014-10-01","2014-10-01",76.550003
"2014-10-02","2014-10-02",77.080002
"2014-10-03","2014-10-03",77.440002
"2014-10-06","2014-10-06",77.559998
"2014-10-07","2014-10-07",76.290001
"2014-10-08","2014-10-08",77.519997
"2014-10-09","2014-10-09",75.910004
"2014-10-10","2014-10-10",72.910004
"2014-10-13","2014-10-13",72.989998
"2014-10-14","2014-10-14",73.589996
"2014-10-15","2014-10-15",73.209999
"2014-10-16","2014-10-16",72.629997
"2014-10-17","2014-10-17",75.949997
"2014-10-20","2014-10-20",76.949997
"2014-10-21","2014-10-21",78.690002
"2014-10-22","2014-10-22",78.370003
"2014-10-23","2014-10-23",80.040001
"2014-10-24","2014-10-24",80.669998
"2014-10-27","2014-10-27",80.279999
"2014-10-28","2014-10-28",80.769997
"2014-10-29","2014-10-29",75.860001
"2014-10-30","2014-10-30",74.110001
"2014-10-31","2014-10-31",74.989998
"2014-11-03","2014-11-03",73.879997
"2014-11-04","2014-11-04",75.760002
"2014-11-05","2014-11-05",74.830002
"2014-11-06","2014-11-06",75.260002
"2014-11-07","2014-11-07",75.599998
"2014-11-10","2014-11-10",75
"2014-11-11","2014-11-11",74.610001
"2014-11-12","2014-11-12",74.720001
"2014-11-13","2014-11-13",74.25
"2014-11-14","2014-11-14",74.879997
"2014-11-17","2014-11-17",74.239998
"2014-11-18","2014-11-18",74.339996
"2014-11-19","2014-11-19",73.330002
"2014-11-20","2014-11-20",73.599998
"2014-11-21","2014-11-21",73.75
"2014-11-24","2014-11-24",74.010002
"2014-11-25","2014-11-25",75.629997
"2014-11-26","2014-11-26",77.620003
"2014-11-28","2014-11-28",77.699997
"2014-12-01","2014-12-01",75.099998
"2014-12-02","2014-12-02",75.459999
"2014-12-03","2014-12-03",74.879997
"2014-12-04","2014-12-04",75.239998
"2014-12-05","2014-12-05",76.360001
"2014-12-08","2014-12-08",76.519997
"2014-12-09","2014-12-09",76.839996
"2014-12-10","2014-12-10",76.18
"2014-12-11","2014-12-11",77.730003
"2014-12-12","2014-12-12",77.830002
"2014-12-15","2014-12-15",76.989998
"2014-12-16","2014-12-16",74.690002
"2014-12-17","2014-12-17",76.110001
"2014-12-18","2014-12-18",78.400002
"2014-12-19","2014-12-19",79.879997
"2014-12-22","2014-12-22",81.449997
"2014-12-23","2014-12-23",80.610001
"2014-12-24","2014-12-24",80.769997
"2014-12-26","2014-12-26",80.779999
"2014-12-29","2014-12-29",80.019997
"2014-12-30","2014-12-30",79.220001
"2014-12-31","2014-12-31",78.019997
"2015-01-02","2015-01-02",78.449997
"2015-01-05","2015-01-05",77.190002
"2015-01-06","2015-01-06",76.150002
"2015-01-07","2015-01-07",76.150002
"2015-01-08","2015-01-08",78.18
"2015-01-09","2015-01-09",77.739998
"2015-01-12","2015-01-12",76.720001
"2015-01-13","2015-01-13",76.449997
"2015-01-14","2015-01-14",76.279999
"2015-01-15","2015-01-15",74.050003
"2015-01-16","2015-01-16",75.18
"2015-01-20","2015-01-20",76.239998
"2015-01-21","2015-01-21",76.739998
"2015-01-22","2015-01-22",77.650002
"2015-01-23","2015-01-23",77.830002
"2015-01-26","2015-01-26",77.5
"2015-01-27","2015-01-27",75.779999
"2015-01-28","2015-01-28",76.239998
"2015-01-29","2015-01-29",78
"2015-01-30","2015-01-30",75.910004
"2015-02-02","2015-02-02",74.989998
"2015-02-03","2015-02-03",75.400002
"2015-02-04","2015-02-04",75.629997
"2015-02-05","2015-02-05",75.610001
"2015-02-06","2015-02-06",74.470001
"2015-02-09","2015-02-09",74.440002
"2015-02-10","2015-02-10",75.190002
"2015-02-11","2015-02-11",76.510002
"2015-02-12","2015-02-12",76.230003
"2015-02-13","2015-02-13",75.739998
"2015-02-17","2015-02-17",75.599998
"2015-02-18","2015-02-18",76.709999
"2015-02-19","2015-02-19",79.419998
"2015-02-20","2015-02-20",79.900002
"2015-02-23","2015-02-23",78.839996
"2015-02-24","2015-02-24",78.449997
"2015-02-25","2015-02-25",79.559998
"2015-02-26","2015-02-26",80.410004
"2015-02-27","2015-02-27",78.970001
"2015-03-02","2015-03-02",79.75
"2015-03-03","2015-03-03",79.599998
"2015-03-04","2015-03-04",80.900002
"2015-03-05","2015-03-05",81.209999
"2015-03-06","2015-03-06",80.010002
"2015-03-09","2015-03-09",79.440002
"2015-03-10","2015-03-10",77.550003
"2015-03-11","2015-03-11",77.57
"2015-03-12","2015-03-12",78.93
"2015-03-13","2015-03-13",78.050003
"2015-03-16","2015-03-16",78.07
"2015-03-17","2015-03-17",79.360001
"2015-03-18","2015-03-18",80.910004
"2015-03-19","2015-03-19",82.75
"2015-03-20","2015-03-20",83.800003
"2015-03-23","2015-03-23",84.43
"2015-03-24","2015-03-24",85.309998
"2015-03-25","2015-03-25",82.919998
"2015-03-26","2015-03-26",83.010002
"2015-03-27","2015-03-27",83.300003
"2015-03-30","2015-03-30",83.199997
"2015-03-31","2015-03-31",82.220001
"2015-04-01","2015-04-01",81.669998
"2015-04-02","2015-04-02",81.559998
"2015-04-06","2015-04-06",82.440002
"2015-04-07","2015-04-07",82.32
"2015-04-08","2015-04-08",82.279999
"2015-04-09","2015-04-09",82.169998
"2015-04-10","2015-04-10",82.040001
"2015-04-13","2015-04-13",83.010002
"2015-04-14","2015-04-14",83.519997
"2015-04-15","2015-04-15",82.709999
"2015-04-16","2015-04-16",82.309998
"2015-04-17","2015-04-17",80.779999
"2015-04-20","2015-04-20",83.089996
"2015-04-21","2015-04-21",83.620003
"2015-04-22","2015-04-22",84.629997
"2015-04-23","2015-04-23",82.410004
"2015-04-24","2015-04-24",81.529999
"2015-04-27","2015-04-27",81.910004
"2015-04-28","2015-04-28",80.68
"2015-04-29","2015-04-29",80.470001
"2015-04-30","2015-04-30",78.769997
"2015-05-01","2015-05-01",78.989998
"2015-05-04","2015-05-04",78.809998
"2015-05-05","2015-05-05",77.559998
"2015-05-06","2015-05-06",78.099998
"2015-05-07","2015-05-07",78.43
"2015-05-08","2015-05-08",78.510002
"2015-05-11","2015-05-11",78.010002
"2015-05-12","2015-05-12",77.459999
"2015-05-13","2015-05-13",78.440002
"2015-05-14","2015-05-14",81.370003
"2015-05-15","2015-05-15",80.419998
"2015-05-18","2015-05-18",80.879997
"2015-05-19","2015-05-19",80.629997
"2015-05-20","2015-05-20",80.550003
"2015-05-21","2015-05-21",80.480003
"2015-05-22","2015-05-22",80.540001
"2015-05-26","2015-05-26",79.330002
"2015-05-27","2015-05-27",80.550003
"2015-05-28","2015-05-28",80.150002
"2015-05-29","2015-05-29",79.190002
"2015-06-01","2015-06-01",80.290001
"2015-06-02","2015-06-02",80.440002
"2015-06-03","2015-06-03",82.440002
"2015-06-04","2015-06-04",82.050003
"2015-06-05","2015-06-05",82.139999
"2015-06-08","2015-06-08",80.669998
"2015-06-09","2015-06-09",80.669998
"2015-06-10","2015-06-10",82.160004
"2015-06-11","2015-06-11",81.830002
"2015-06-12","2015-06-12",81.529999
"2015-06-15","2015-06-15",80.709999
"2015-06-16","2015-06-16",81.059998
"2015-06-17","2015-06-17",81.790001
"2015-06-18","2015-06-18",82.910004
"2015-06-19","2015-06-19",82.510002
"2015-06-22","2015-06-22",84.739998
"2015-06-23","2015-06-23",87.879997
"2015-06-24","2015-06-24",88.860001
"2015-06-25","2015-06-25",87.980003
"2015-06-26","2015-06-26",88.010002
"2015-06-29","2015-06-29",85.800003
"2015-06-30","2015-06-30",85.769997
"2015-07-01","2015-07-01",86.910004
"2015-07-02","2015-07-02",87.290001
"2015-07-06","2015-07-06",87.550003
"2015-07-07","2015-07-07",87.220001
"2015-07-08","2015-07-08",85.650002
"2015-07-09","2015-07-09",85.879997
"2015-07-10","2015-07-10",87.949997
"2015-07-13","2015-07-13",90.099998
"2015-07-14","2015-07-14",89.68
"2015-07-15","2015-07-15",89.760002
"2015-07-16","2015-07-16",90.849998
"2015-07-17","2015-07-17",94.970001
"2015-07-20","2015-07-20",97.910004
"2015-07-21","2015-07-21",98.389999
"2015-07-22","2015-07-22",97.040001
"2015-07-23","2015-07-23",95.440002
"2015-07-24","2015-07-24",96.949997
"2015-07-27","2015-07-27",94.169998
"2015-07-28","2015-07-28",95.290001
"2015-07-29","2015-07-29",96.989998
"2015-07-30","2015-07-30",95.209999
"2015-07-31","2015-07-31",94.010002
"2015-08-03","2015-08-03",94.139999
"2015-08-04","2015-08-04",94.059998
"2015-08-05","2015-08-05",96.440002
"2015-08-06","2015-08-06",95.120003
"2015-08-07","2015-08-07",94.300003
"2015-08-10","2015-08-10",94.150002
"2015-08-11","2015-08-11",93.620003
"2015-08-12","2015-08-12",94.190002
"2015-08-13","2015-08-13",93.43
"2015-08-14","2015-08-14",94.419998
"2015-08-17","2015-08-17",93.93
"2015-08-18","2015-08-18",95.169998
"2015-08-19","2015-08-19",95.309998
"2015-08-20","2015-08-20",90.559998
"2015-08-21","2015-08-21",86.059998
"2015-08-24","2015-08-24",82.089996
"2015-08-25","2015-08-25",83
"2015-08-26","2015-08-26",87.190002
"2015-08-27","2015-08-27",89.730003
"2015-08-28","2015-08-28",91.010002
"2015-08-31","2015-08-31",89.43
"2015-09-01","2015-09-01",87.230003
"2015-09-02","2015-09-02",89.889999
"2015-09-03","2015-09-03",88.150002
"2015-09-04","2015-09-04",88.260002
"2015-09-08","2015-09-08",89.529999
"2015-09-09","2015-09-09",90.440002
"2015-09-10","2015-09-10",91.980003
"2015-09-11","2015-09-11",92.050003
"2015-09-14","2015-09-14",92.309998
"2015-09-15","2015-09-15",92.900002
"2015-09-16","2015-09-16",93.449997
"2015-09-17","2015-09-17",94.339996
"2015-09-18","2015-09-18",94.400002
"2015-09-21","2015-09-21",95.550003
"2015-09-22","2015-09-22",92.959999
"2015-09-23","2015-09-23",93.970001
"2015-09-24","2015-09-24",94.410004
"2015-09-25","2015-09-25",92.769997
"2015-09-28","2015-09-28",89.209999
"2015-09-29","2015-09-29",86.669998
"2015-09-30","2015-09-30",89.900002
"2015-10-01","2015-10-01",90.949997
"2015-10-02","2015-10-02",92.07
"2015-10-05","2015-10-05",94.010002
"2015-10-06","2015-10-06",92.800003
"2015-10-07","2015-10-07",92.400002
"2015-10-08","2015-10-08",92.470001
"2015-10-09","2015-10-09",93.239998
"2015-10-12","2015-10-12",94.260002
"2015-10-13","2015-10-13",94.120003
"2015-10-14","2015-10-14",94.07
"2015-10-15","2015-10-15",95.959999
"2015-10-16","2015-10-16",97.540001
"2015-10-19","2015-10-19",98.470001
"2015-10-20","2015-10-20",97
"2015-10-21","2015-10-21",97.110001
"2015-10-22","2015-10-22",99.669998
"2015-10-23","2015-10-23",102.190002
"2015-10-26","2015-10-26",103.769997
"2015-10-27","2015-10-27",103.699997
"2015-10-28","2015-10-28",104.199997
"2015-10-29","2015-10-29",104.879997
"2015-10-30","2015-10-30",101.970001
"2015-11-02","2015-11-02",103.309998
"2015-11-03","2015-11-03",102.580002
"2015-11-04","2015-11-04",103.940002
"2015-11-05","2015-11-05",108.760002
"2015-11-06","2015-11-06",107.099998
"2015-11-09","2015-11-09",106.489998
"2015-11-10","2015-11-10",107.910004
"2015-11-11","2015-11-11",109.010002
"2015-11-12","2015-11-12",108.019997
"2015-11-13","2015-11-13",103.949997
"2015-11-16","2015-11-16",104.040001
"2015-11-17","2015-11-17",105.129997
"2015-11-18","2015-11-18",107.769997
"2015-11-19","2015-11-19",106.260002
"2015-11-20","2015-11-20",107.32
"2015-11-23","2015-11-23",106.949997
"2015-11-24","2015-11-24",105.739998
"2015-11-25","2015-11-25",105.410004
"2015-11-27","2015-11-27",105.449997
"2015-11-30","2015-11-30",104.239998
"2015-12-01","2015-12-01",107.120003
"2015-12-02","2015-12-02",106.07
"2015-12-03","2015-12-03",104.379997
"2015-12-04","2015-12-04",106.18
"2015-12-07","2015-12-07",105.610001
"2015-12-08","2015-12-08",106.489998
"2015-12-09","2015-12-09",104.599998
"2015-12-10","2015-12-10",105.419998
"2015-12-11","2015-12-11",102.120003
"2015-12-14","2015-12-14",104.660004
"2015-12-15","2015-12-15",104.550003
"2015-12-16","2015-12-16",106.790001
"2015-12-17","2015-12-17",106.220001
"2015-12-18","2015-12-18",104.040001
"2015-12-21","2015-12-21",104.769997
"2015-12-22","2015-12-22",105.510002
"2015-12-23","2015-12-23",104.629997
"2015-12-24","2015-12-24",105.019997
"2015-12-28","2015-12-28",105.93
"2015-12-29","2015-12-29",107.260002
"2015-12-30","2015-12-30",106.220001
"2015-12-31","2015-12-31",104.660004
"2016-01-04","2016-01-04",102.220001
"2016-01-05","2016-01-05",102.730003
"2016-01-06","2016-01-06",102.970001
"2016-01-07","2016-01-07",97.919998
"2016-01-08","2016-01-08",97.330002
"2016-01-11","2016-01-11",97.510002
"2016-01-12","2016-01-12",99.370003
"2016-01-13","2016-01-13",95.440002
"2016-01-14","2016-01-14",98.370003
"2016-01-15","2016-01-15",94.970001
"2016-01-19","2016-01-19",95.260002
"2016-01-20","2016-01-20",94.349998
"2016-01-21","2016-01-21",94.160004
"2016-01-22","2016-01-22",97.940002
"2016-01-25","2016-01-25",97.010002
"2016-01-26","2016-01-26",97.339996
"2016-01-27","2016-01-27",94.449997
"2016-01-28","2016-01-28",109.110001
"2016-01-29","2016-01-29",112.209999
"2016-02-01","2016-02-01",115.089996
"2016-02-02","2016-02-02",114.610001
"2016-02-03","2016-02-03",112.690002
"2016-02-04","2016-02-04",110.489998
"2016-02-05","2016-02-05",104.07
"2016-02-08","2016-02-08",99.75
"2016-02-09","2016-02-09",99.540001
"2016-02-10","2016-02-10",101
"2016-02-11","2016-02-11",101.910004
"2016-02-12","2016-02-12",102.010002
"2016-02-16","2016-02-16",101.610001
"2016-02-17","2016-02-17",105.199997
"2016-02-18","2016-02-18",103.470001
"2016-02-19","2016-02-19",104.57
"2016-02-22","2016-02-22",107.160004
"2016-02-23","2016-02-23",105.459999
"2016-02-24","2016-02-24",106.879997
"2016-02-25","2016-02-25",108.07
"2016-02-26","2016-02-26",107.919998
"2016-02-29","2016-02-29",106.919998
"2016-03-01","2016-03-01",109.82
"2016-03-02","2016-03-02",109.949997
"2016-03-03","2016-03-03",109.580002
"2016-03-04","2016-03-04",108.389999
"2016-03-07","2016-03-07",105.730003
"2016-03-08","2016-03-08",105.93
"2016-03-09","2016-03-09",107.510002
"2016-03-10","2016-03-10",107.32
"2016-03-11","2016-03-11",109.410004
"2016-03-14","2016-03-14",109.889999
"2016-03-15","2016-03-15",110.669998
"2016-03-16","2016-03-16",112.18
"2016-03-17","2016-03-17",111.019997
"2016-03-18","2016-03-18",111.449997
"2016-03-21","2016-03-21",111.849998
"2016-03-22","2016-03-22",112.25
"2016-03-23","2016-03-23",112.540001
"2016-03-24","2016-03-24",113.050003
"2016-03-28","2016-03-28",113.690002
"2016-03-29","2016-03-29",116.139999
"2016-03-30","2016-03-30",114.699997
"2016-03-31","2016-03-31",114.099998
"2016-04-01","2016-04-01",116.059998
"2016-04-04","2016-04-04",112.550003
"2016-04-05","2016-04-05",112.220001
"2016-04-06","2016-04-06",113.709999
"2016-04-07","2016-04-07",113.639999
"2016-04-08","2016-04-08",110.629997
"2016-04-11","2016-04-11",108.989998
"2016-04-12","2016-04-12",110.610001
"2016-04-13","2016-04-13",110.510002
"2016-04-14","2016-04-14",110.839996
"2016-04-15","2016-04-15",109.639999
"2016-04-18","2016-04-18",110.449997
"2016-04-19","2016-04-19",112.290001
"2016-04-20","2016-04-20",112.419998
"2016-04-21","2016-04-21",113.440002
"2016-04-22","2016-04-22",110.559998
"2016-04-25","2016-04-25",110.099998
"2016-04-26","2016-04-26",108.760002
"2016-04-27","2016-04-27",108.889999
"2016-04-28","2016-04-28",116.730003
"2016-04-29","2016-04-29",117.580002
"2016-05-02","2016-05-02",118.57
"2016-05-03","2016-05-03",117.43
"2016-05-04","2016-05-04",118.059998
"2016-05-05","2016-05-05",117.809998
"2016-05-06","2016-05-06",119.489998
"2016-05-09","2016-05-09",119.239998
"2016-05-10","2016-05-10",120.5
"2016-05-11","2016-05-11",119.519997
"2016-05-12","2016-05-12",120.279999
"2016-05-13","2016-05-13",119.809998
"2016-05-16","2016-05-16",118.669998
"2016-05-17","2016-05-17",117.349998
"2016-05-18","2016-05-18",117.650002
"2016-05-19","2016-05-19",116.809998
"2016-05-20","2016-05-20",117.349998
"2016-05-23","2016-05-23",115.970001
"2016-05-24","2016-05-24",117.699997
"2016-05-25","2016-05-25",117.889999
"2016-05-26","2016-05-26",119.470001
"2016-05-27","2016-05-27",119.379997
"2016-05-31","2016-05-31",118.809998
"2016-06-01","2016-06-01",118.779999
"2016-06-02","2016-06-02",118.93
"2016-06-03","2016-06-03",118.470001
"2016-06-06","2016-06-06",118.790001
"2016-06-07","2016-06-07",117.760002
"2016-06-08","2016-06-08",118.389999
"2016-06-09","2016-06-09",118.559998
"2016-06-10","2016-06-10",116.620003
"2016-06-13","2016-06-13",113.949997
"2016-06-14","2016-06-14",114.940002
"2016-06-15","2016-06-15",114.599998
"2016-06-16","2016-06-16",114.389999
"2016-06-17","2016-06-17",113.019997
"2016-06-20","2016-06-20",113.370003
"2016-06-21","2016-06-21",114.379997
"2016-06-22","2016-06-22",113.910004
"2016-06-23","2016-06-23",115.080002
"2016-06-24","2016-06-24",112.080002
"2016-06-27","2016-06-27",108.970001
"2016-06-28","2016-06-28",112.699997
"2016-06-29","2016-06-29",114.160004
"2016-06-30","2016-06-30",114.279999
"2016-07-01","2016-07-01",114.190002
"2016-07-05","2016-07-05",114.199997
"2016-07-06","2016-07-06",116.699997
"2016-07-07","2016-07-07",115.849998
"2016-07-08","2016-07-08",117.239998
"2016-07-11","2016-07-11",117.870003
"2016-07-12","2016-07-12",117.93
"2016-07-13","2016-07-13",116.779999
"2016-07-14","2016-07-14",117.290001
"2016-07-15","2016-07-15",116.860001
"2016-07-18","2016-07-18",119.370003
"2016-07-19","2016-07-19",120.610001
"2016-07-20","2016-07-20",121.919998
"2016-07-21","2016-07-21",120.610001
"2016-07-22","2016-07-22",121
"2016-07-25","2016-07-25",121.629997
"2016-07-26","2016-07-26",121.220001
"2016-07-27","2016-07-27",123.339996
"2016-07-28","2016-07-28",125
"2016-07-29","2016-07-29",123.940002
"2016-08-01","2016-08-01",124.309998
"2016-08-02","2016-08-02",123.089996
"2016-08-03","2016-08-03",122.510002
"2016-08-04","2016-08-04",124.360001
"2016-08-05","2016-08-05",125.150002
"2016-08-08","2016-08-08",125.260002
"2016-08-09","2016-08-09",125.059998
"2016-08-10","2016-08-10",124.879997
"2016-08-11","2016-08-11",124.900002
"2016-08-12","2016-08-12",124.879997
"2016-08-15","2016-08-15",123.900002
"2016-08-16","2016-08-16",123.300003
"2016-08-17","2016-08-17",124.370003
"2016-08-18","2016-08-18",123.910004
"2016-08-19","2016-08-19",123.559998
"2016-08-22","2016-08-22",124.150002
"2016-08-23","2016-08-23",124.370003
"2016-08-24","2016-08-24",123.480003
"2016-08-25","2016-08-25",123.889999
"2016-08-26","2016-08-26",124.959999
"2016-08-29","2016-08-29",126.540001
"2016-08-30","2016-08-30",125.839996
"2016-08-31","2016-08-31",126.120003
"2016-09-01","2016-09-01",126.169998
"2016-09-02","2016-09-02",126.510002
"2016-09-06","2016-09-06",129.729996
"2016-09-07","2016-09-07",131.050003
"2016-09-08","2016-09-08",130.270004
"2016-09-09","2016-09-09",127.099998
"2016-09-12","2016-09-12",128.690002
"2016-09-13","2016-09-13",127.209999
"2016-09-14","2016-09-14",127.769997
"2016-09-15","2016-09-15",128.350006
"2016-09-16","2016-09-16",129.070007
"2016-09-19","2016-09-19",128.649994
"2016-09-20","2016-09-20",128.639999
"2016-09-21","2016-09-21",129.940002
"2016-09-22","2016-09-22",130.080002
"2016-09-23","2016-09-23",127.959999
"2016-09-26","2016-09-26",127.309998
"2016-09-27","2016-09-27",128.690002
"2016-09-28","2016-09-28",129.229996
"2016-09-29","2016-09-29",128.089996
"2016-09-30","2016-09-30",128.270004
"2016-10-03","2016-10-03",128.770004
"2016-10-04","2016-10-04",128.190002
"2016-10-05","2016-10-05",128.470001
"2016-10-06","2016-10-06",128.740005
"2016-10-07","2016-10-07",128.990005
"2016-10-10","2016-10-10",130.240005
"2016-10-11","2016-10-11",128.880005
"2016-10-12","2016-10-12",129.050003
"2016-10-13","2016-10-13",127.82
"2016-10-14","2016-10-14",127.879997
"2016-10-17","2016-10-17",127.540001
"2016-10-18","2016-10-18",128.570007
"2016-10-19","2016-10-19",130.110001
"2016-10-20","2016-10-20",130
"2016-10-21","2016-10-21",132.070007
"2016-10-24","2016-10-24",133.279999
"2016-10-25","2016-10-25",132.289993
"2016-10-26","2016-10-26",131.039993
"2016-10-27","2016-10-27",129.690002
"2016-10-28","2016-10-28",131.289993
"2016-10-31","2016-10-31",130.990005
"2016-11-01","2016-11-01",129.5
"2016-11-02","2016-11-02",127.169998
"2016-11-03","2016-11-03",120
"2016-11-04","2016-11-04",120.75
"2016-11-07","2016-11-07",122.150002
"2016-11-08","2016-11-08",124.220001
"2016-11-09","2016-11-09",123.18
"2016-11-10","2016-11-10",120.800003
"2016-11-11","2016-11-11",119.019997
"2016-11-14","2016-11-14",115.080002
"2016-11-15","2016-11-15",117.199997
"2016-11-16","2016-11-16",116.339996
"2016-11-17","2016-11-17",117.790001
"2016-11-18","2016-11-18",117.019997
"2016-11-21","2016-11-21",121.769997
"2016-11-22","2016-11-22",121.470001
"2016-11-23","2016-11-23",120.839996
"2016-11-25","2016-11-25",120.379997
"2016-11-28","2016-11-28",120.410004
"2016-11-29","2016-11-29",120.870003
"2016-11-30","2016-11-30",118.419998
"2016-12-01","2016-12-01",115.099998
"2016-12-02","2016-12-02",115.400002
"2016-12-05","2016-12-05",117.43
"2016-12-06","2016-12-06",117.309998
"2016-12-07","2016-12-07",117.949997
"2016-12-08","2016-12-08",118.910004
"2016-12-09","2016-12-09",119.68
"2016-12-12","2016-12-12",117.769997
"2016-12-13","2016-12-13",120.309998
"2016-12-14","2016-12-14",120.209999
"2016-12-15","2016-12-15",120.57
"2016-12-16","2016-12-16",119.870003
"2016-12-19","2016-12-19",119.239998
"2016-12-20","2016-12-20",119.089996
"2016-12-21","2016-12-21",119.040001
"2016-12-22","2016-12-22",117.400002
"2016-12-23","2016-12-23",117.269997
"2016-12-27","2016-12-27",118.010002
"2016-12-28","2016-12-28",116.919998
"2016-12-29","2016-12-29",116.349998
"2016-12-30","2016-12-30",115.050003
"2017-01-03","2017-01-03",116.860001
"2017-01-04","2017-01-04",118.690002
"2017-01-05","2017-01-05",120.669998
"2017-01-06","2017-01-06",123.410004
"2017-01-09","2017-01-09",124.900002
"2017-01-10","2017-01-10",124.349998
"2017-01-11","2017-01-11",126.089996
"2017-01-12","2017-01-12",126.620003
"2017-01-13","2017-01-13",128.339996
"2017-01-17","2017-01-17",127.870003
"2017-01-18","2017-01-18",127.919998
"2017-01-19","2017-01-19",127.550003
"2017-01-20","2017-01-20",127.040001
"2017-01-23","2017-01-23",128.929993
"2017-01-24","2017-01-24",129.369995
"2017-01-25","2017-01-25",131.479996
"2017-01-26","2017-01-26",132.779999
"2017-01-27","2017-01-27",132.179993
"2017-01-30","2017-01-30",130.979996
"2017-01-31","2017-01-31",130.320007
"2017-02-01","2017-02-01",133.229996
"2017-02-02","2017-02-02",130.839996
"2017-02-03","2017-02-03",130.979996
"2017-02-06","2017-02-06",132.059998
"2017-02-07","2017-02-07",131.839996
"2017-02-08","2017-02-08",134.199997
"2017-02-09","2017-02-09",134.139999
"2017-02-10","2017-02-10",134.190002
"2017-02-13","2017-02-13",134.050003
"2017-02-14","2017-02-14",133.850006
"2017-02-15","2017-02-15",133.440002
"2017-02-16","2017-02-16",133.839996
"2017-02-17","2017-02-17",133.529999
"2017-02-21","2017-02-21",133.720001
"2017-02-22","2017-02-22",136.119995
"2017-02-23","2017-02-23",135.360001
"2017-02-24","2017-02-24",135.440002
"2017-02-27","2017-02-27",136.410004
"2017-02-28","2017-02-28",135.539993
"2017-03-01","2017-03-01",137.419998
"2017-03-02","2017-03-02",136.759995
"2017-03-03","2017-03-03",137.169998
"2017-03-06","2017-03-06",137.419998
"2017-03-07","2017-03-07",137.300003
"2017-03-08","2017-03-08",137.720001
"2017-03-09","2017-03-09",138.240005
"2017-03-10","2017-03-10",138.789993
"2017-03-13","2017-03-13",139.600006
"2017-03-14","2017-03-14",139.320007
"2017-03-15","2017-03-15",139.720001
"2017-03-16","2017-03-16",139.990005
"2017-03-17","2017-03-17",139.839996
"2017-03-20","2017-03-20",139.940002
"2017-03-21","2017-03-21",138.509995
"2017-03-22","2017-03-22",139.589996
"2017-03-23","2017-03-23",139.529999
"2017-03-24","2017-03-24",140.339996
"2017-03-27","2017-03-27",140.320007
"2017-03-28","2017-03-28",141.759995
"2017-03-29","2017-03-29",142.649994
"2017-03-30","2017-03-30",142.410004
"2017-03-31","2017-03-31",142.050003
"2017-04-03","2017-04-03",142.279999
"2017-04-04","2017-04-04",141.729996
"2017-04-05","2017-04-05",141.850006
"2017-04-06","2017-04-06",141.169998
"2017-04-07","2017-04-07",140.779999
"2017-04-10","2017-04-10",141.039993
"2017-04-11","2017-04-11",139.919998
"2017-04-12","2017-04-12",139.580002
"2017-04-13","2017-04-13",139.389999
"2017-04-17","2017-04-17",141.419998
"2017-04-18","2017-04-18",140.960007
"2017-04-19","2017-04-19",142.270004
"2017-04-20","2017-04-20",143.800003
"2017-04-21","2017-04-21",143.679993
"2017-04-24","2017-04-24",145.470001
"2017-04-25","2017-04-25",146.490005
"2017-04-26","2017-04-26",146.559998
"2017-04-27","2017-04-27",147.699997
"2017-04-28","2017-04-28",150.25
"2017-05-01","2017-05-01",152.460007
"2017-05-02","2017-05-02",152.779999
"2017-05-03","2017-05-03",151.800003
"2017-05-04","2017-05-04",150.850006
"2017-05-05","2017-05-05",150.240005
"2017-05-08","2017-05-08",151.059998
"2017-05-09","2017-05-09",150.479996
"2017-05-10","2017-05-10",150.289993
"2017-05-11","2017-05-11",150.039993
"2017-05-12","2017-05-12",150.330002
"2017-05-15","2017-05-15",150.190002
"2017-05-16","2017-05-16",149.779999
"2017-05-17","2017-05-17",144.850006
"2017-05-18","2017-05-18",147.660004
"2017-05-19","2017-05-19",148.059998
"2017-05-22","2017-05-22",148.240005
"2017-05-23","2017-05-23",148.070007
"2017-05-24","2017-05-24",150.039993
"2017-05-25","2017-05-25",151.960007
"2017-05-26","2017-05-26",152.130005
"2017-05-30","2017-05-30",152.380005
"2017-05-31","2017-05-31",151.460007
"2017-06-01","2017-06-01",151.529999
"2017-06-02","2017-06-02",153.610001
"2017-06-05","2017-06-05",153.630005
"2017-06-06","2017-06-06",152.809998
"2017-06-07","2017-06-07",153.119995
"2017-06-08","2017-06-08",154.710007
"2017-06-09","2017-06-09",149.600006
"2017-06-12","2017-06-12",148.440002
"2017-06-13","2017-06-13",150.679993
"2017-06-14","2017-06-14",150.25
"2017-06-15","2017-06-15",149.800003
"2017-06-16","2017-06-16",150.639999
"2017-06-19","2017-06-19",152.869995
"2017-06-20","2017-06-20",152.25
"2017-06-21","2017-06-21",153.910004
"2017-06-22","2017-06-22",153.399994
"2017-06-23","2017-06-23",155.070007
"2017-06-26","2017-06-26",153.589996
"2017-06-27","2017-06-27",150.580002
"2017-06-28","2017-06-28",153.240005
"2017-06-29","2017-06-29",151.039993
"2017-06-30","2017-06-30",150.979996
"2017-07-03","2017-07-03",148.429993
"2017-07-05","2017-07-05",150.339996
"2017-07-06","2017-07-06",148.820007
"2017-07-07","2017-07-07",151.440002
"2017-07-10","2017-07-10",153.5
"2017-07-11","2017-07-11",155.270004
"2017-07-12","2017-07-12",158.899994
"2017-07-13","2017-07-13",159.259995
"2017-07-14","2017-07-14",159.970001
"2017-07-17","2017-07-17",159.729996
"2017-07-18","2017-07-18",162.860001
"2017-07-19","2017-07-19",164.139999
"2017-07-20","2017-07-20",164.529999
"2017-07-21","2017-07-21",164.429993
"2017-07-24","2017-07-24",166
"2017-07-25","2017-07-25",165.279999
"2017-07-26","2017-07-26",165.610001
"2017-07-27","2017-07-27",170.440002
"2017-07-28","2017-07-28",172.449997
"2017-07-31","2017-07-31",169.25
"2017-08-01","2017-08-01",169.860001
"2017-08-02","2017-08-02",169.300003
"2017-08-03","2017-08-03",168.589996
"2017-08-04","2017-08-04",169.619995
"2017-08-07","2017-08-07",171.979996
"2017-08-08","2017-08-08",171.229996
"2017-08-09","2017-08-09",171.179993
"2017-08-10","2017-08-10",167.399994
"2017-08-11","2017-08-11",168.080002
"2017-08-14","2017-08-14",170.75
"2017-08-15","2017-08-15",171
"2017-08-16","2017-08-16",170
"2017-08-17","2017-08-17",166.910004
"2017-08-18","2017-08-18",167.410004
"2017-08-21","2017-08-21",167.779999
"2017-08-22","2017-08-22",169.639999
"2017-08-23","2017-08-23",168.710007
"2017-08-24","2017-08-24",167.740005
"2017-08-25","2017-08-25",166.320007
"2017-08-28","2017-08-28",167.240005
"2017-08-29","2017-08-29",168.050003
"2017-08-30","2017-08-30",169.919998
"2017-08-31","2017-08-31",171.970001
"2017-09-01","2017-09-01",172.020004
"2017-09-05","2017-09-05",170.720001
"2017-09-06","2017-09-06",172.089996
"2017-09-07","2017-09-07",173.210007
"2017-09-08","2017-09-08",170.949997
"2017-09-11","2017-09-11",173.509995
"2017-09-12","2017-09-12",172.960007
"2017-09-13","2017-09-13",173.050003
"2017-09-14","2017-09-14",170.960007
"2017-09-15","2017-09-15",171.639999
"2017-09-18","2017-09-18",170.009995
"2017-09-19","2017-09-19",172.520004
"2017-09-20","2017-09-20",172.169998
"2017-09-21","2017-09-21",171.110001
"2017-09-22","2017-09-22",170.539993
"2017-09-25","2017-09-25",162.869995
"2017-09-26","2017-09-26",164.210007
"2017-09-27","2017-09-27",167.679993
"2017-09-28","2017-09-28",168.729996
"2017-09-29","2017-09-29",170.869995
"2017-10-02","2017-10-02",169.470001
"2017-10-03","2017-10-03",169.960007
"2017-10-04","2017-10-04",168.419998
"2017-10-05","2017-10-05",171.240005
"2017-10-06","2017-10-06",172.229996
"2017-10-09","2017-10-09",172.5
"2017-10-10","2017-10-10",171.589996
"2017-10-11","2017-10-11",172.740005
"2017-10-12","2017-10-12",172.550003
"2017-10-13","2017-10-13",173.740005
"2017-10-16","2017-10-16",174.520004
"2017-10-17","2017-10-17",176.110001
"2017-10-18","2017-10-18",176.029999
"2017-10-19","2017-10-19",174.559998
"2017-10-20","2017-10-20",174.979996
"2017-10-23","2017-10-23",171.270004
"2017-10-24","2017-10-24",171.800003
"2017-10-25","2017-10-25",170.600006
"2017-10-26","2017-10-26",170.630005
"2017-10-27","2017-10-27",177.880005
"2017-10-30","2017-10-30",179.869995
"2017-10-31","2017-10-31",180.059998
"2017-11-01","2017-11-01",182.660004
"2017-11-02","2017-11-02",178.919998
"2017-11-03","2017-11-03",178.919998
"2017-11-06","2017-11-06",180.169998
"2017-11-07","2017-11-07",180.25
"2017-11-08","2017-11-08",179.559998
"2017-11-09","2017-11-09",179.300003
"2017-11-10","2017-11-10",178.460007
"2017-11-13","2017-11-13",178.770004
"2017-11-14","2017-11-14",178.070007
"2017-11-15","2017-11-15",177.949997
"2017-11-16","2017-11-16",179.589996
"2017-11-17","2017-11-17",179
"2017-11-20","2017-11-20",178.740005
"2017-11-21","2017-11-21",181.860001
"2017-11-22","2017-11-22",180.869995
"2017-11-24","2017-11-24",182.779999
"2017-11-27","2017-11-27",183.029999
"2017-11-28","2017-11-28",182.419998
"2017-11-29","2017-11-29",175.130005
"2017-11-30","2017-11-30",177.179993
"2017-12-01","2017-12-01",175.100006
"2017-12-04","2017-12-04",171.470001
"2017-12-05","2017-12-05",172.830002
"2017-12-06","2017-12-06",176.059998
"2017-12-07","2017-12-07",180.139999
"2017-12-08","2017-12-08",179
"2017-12-11","2017-12-11",179.039993
"2017-12-12","2017-12-12",176.960007
"2017-12-13","2017-12-13",178.300003
"2017-12-14","2017-12-14",178.389999
"2017-12-15","2017-12-15",180.179993
"2017-12-18","2017-12-18",180.820007
"2017-12-19","2017-12-19",179.509995
"2017-12-20","2017-12-20",177.889999
"2017-12-21","2017-12-21",177.449997
"2017-12-22","2017-12-22",177.199997
"2017-12-26","2017-12-26",175.990005
"2017-12-27","2017-12-27",177.619995
"2017-12-28","2017-12-28",177.919998
"2017-12-29","2017-12-29",176.460007
"2018-01-02","2018-01-02",181.419998
"2018-01-03","2018-01-03",184.669998
"2018-01-04","2018-01-04",184.330002
"2018-01-05","2018-01-05",186.850006
"2018-01-08","2018-01-08",188.279999
"2018-01-09","2018-01-09",187.869995
"2018-01-10","2018-01-10",187.839996
"2018-01-11","2018-01-11",187.770004
"2018-01-12","2018-01-12",179.369995
"2018-01-16","2018-01-16",178.389999
"2018-01-17","2018-01-17",177.600006
"2018-01-18","2018-01-18",179.800003
"2018-01-19","2018-01-19",181.289993
"2018-01-22","2018-01-22",185.369995
"2018-01-23","2018-01-23",189.350006
"2018-01-24","2018-01-24",186.550003
"2018-01-25","2018-01-25",187.479996
"2018-01-26","2018-01-26",190
"2018-01-29","2018-01-29",185.979996
"2018-01-30","2018-01-30",187.119995
"2018-01-31","2018-01-31",186.889999
"2018-02-01","2018-02-01",193.089996
"2018-02-02","2018-02-02",190.279999
"2018-02-05","2018-02-05",181.259995
"2018-02-06","2018-02-06",185.309998
"2018-02-07","2018-02-07",180.179993
"2018-02-08","2018-02-08",171.580002
"2018-02-09","2018-02-09",176.110001
"2018-02-12","2018-02-12",176.410004
"2018-02-13","2018-02-13",173.149994
"2018-02-14","2018-02-14",179.520004
"2018-02-15","2018-02-15",179.960007
"2018-02-16","2018-02-16",177.360001
"2018-02-20","2018-02-20",176.009995
"2018-02-21","2018-02-21",177.910004
"2018-02-22","2018-02-22",178.990005
"2018-02-23","2018-02-23",183.289993
"2018-02-26","2018-02-26",184.929993
"2018-02-27","2018-02-27",181.460007
"2018-02-28","2018-02-28",178.320007
"2018-03-01","2018-03-01",175.940002
"2018-03-02","2018-03-02",176.619995
"2018-03-05","2018-03-05",180.399994
"2018-03-06","2018-03-06",179.779999
"2018-03-07","2018-03-07",183.710007
"2018-03-08","2018-03-08",182.339996
"2018-03-09","2018-03-09",185.229996
"2018-03-12","2018-03-12",184.759995
"2018-03-13","2018-03-13",181.880005
"2018-03-14","2018-03-14",184.190002
"2018-03-15","2018-03-15",183.860001
"2018-03-16","2018-03-16",185.089996
"2018-03-19","2018-03-19",172.559998
"2018-03-20","2018-03-20",168.149994
"2018-03-21","2018-03-21",169.389999
"2018-03-22","2018-03-22",164.889999
"2018-03-23","2018-03-23",159.389999
"2018-03-26","2018-03-26",160.059998
"2018-03-27","2018-03-27",152.220001
"2018-03-28","2018-03-28",153.029999
"2018-03-29","2018-03-29",159.789993
"2018-04-02","2018-04-02",155.389999
"2018-04-03","2018-04-03",156.110001
"2018-04-04","2018-04-04",155.100006
"2018-04-05","2018-04-05",159.339996
"2018-04-06","2018-04-06",157.199997
"2018-04-09","2018-04-09",157.929993
"2018-04-10","2018-04-10",165.039993
"2018-04-11","2018-04-11",166.320007
"2018-04-12","2018-04-12",163.869995
"2018-04-13","2018-04-13",164.520004
"2018-04-16","2018-04-16",164.830002
"2018-04-17","2018-04-17",168.660004
"2018-04-18","2018-04-18",166.360001
"2018-04-19","2018-04-19",168.100006
"2018-04-20","2018-04-20",166.279999
"2018-04-23","2018-04-23",165.839996
"2018-04-24","2018-04-24",159.690002
"2018-04-25","2018-04-25",159.690002
"2018-04-26","2018-04-26",174.160004
"2018-04-27","2018-04-27",173.589996
"2018-04-30","2018-04-30",172
"2018-05-01","2018-05-01",173.860001
"2018-05-02","2018-05-02",176.070007
"2018-05-03","2018-05-03",174.020004
"2018-05-04","2018-05-04",176.610001
"2018-05-07","2018-05-07",177.970001
"2018-05-08","2018-05-08",178.919998
"2018-05-09","2018-05-09",182.660004
"2018-05-10","2018-05-10",185.529999
"2018-05-11","2018-05-11",186.990005
"2018-05-14","2018-05-14",186.639999
"2018-05-15","2018-05-15",184.320007
"2018-05-16","2018-05-16",183.199997
"2018-05-17","2018-05-17",183.759995
"2018-05-18","2018-05-18",182.679993
"2018-05-21","2018-05-21",184.490005
"2018-05-22","2018-05-22",183.800003
"2018-05-23","2018-05-23",186.899994
"2018-05-24","2018-05-24",185.929993
"2018-05-25","2018-05-25",184.919998
"2018-05-29","2018-05-29",185.740005
"2018-05-30","2018-05-30",187.669998
"2018-05-31","2018-05-31",191.779999
"2018-06-01","2018-06-01",193.990005
"2018-06-04","2018-06-04",193.279999
"2018-06-05","2018-06-05",192.940002
"2018-06-06","2018-06-06",191.339996
"2018-06-07","2018-06-07",188.179993
"2018-06-08","2018-06-08",189.100006
"2018-06-11","2018-06-11",191.539993
"2018-06-12","2018-06-12",192.399994
"2018-06-13","2018-06-13",192.410004
"2018-06-14","2018-06-14",196.809998
"2018-06-15","2018-06-15",195.850006
"2018-06-18","2018-06-18",198.309998
"2018-06-19","2018-06-19",197.490005
"2018-06-20","2018-06-20",202
"2018-06-21","2018-06-21",201.5
"2018-06-22","2018-06-22",201.740005
"2018-06-25","2018-06-25",196.350006
"2018-06-26","2018-06-26",199
"2018-06-27","2018-06-27",195.839996
"2018-06-28","2018-06-28",196.229996
"2018-06-29","2018-06-29",194.320007
"2018-07-02","2018-07-02",197.360001
"2018-07-03","2018-07-03",192.729996
"2018-07-05","2018-07-05",198.449997
"2018-07-06","2018-07-06",203.229996
"2018-07-09","2018-07-09",204.740005
"2018-07-10","2018-07-10",203.539993
"2018-07-11","2018-07-11",202.539993
"2018-07-12","2018-07-12",206.919998
"2018-07-13","2018-07-13",207.320007
"2018-07-16","2018-07-16",207.229996
"2018-07-17","2018-07-17",209.990005
"2018-07-18","2018-07-18",209.360001
"2018-07-19","2018-07-19",208.089996
"2018-07-20","2018-07-20",209.940002
"2018-07-23","2018-07-23",210.910004
"2018-07-24","2018-07-24",214.669998
"2018-07-25","2018-07-25",217.5
"2018-07-26","2018-07-26",176.259995
"2018-07-27","2018-07-27",174.889999
"2018-07-30","2018-07-30",171.059998
"2018-07-31","2018-07-31",172.580002
"2018-08-01","2018-08-01",171.649994
"2018-08-02","2018-08-02",176.369995
"2018-08-03","2018-08-03",177.779999
"2018-08-06","2018-08-06",185.690002
"2018-08-07","2018-08-07",183.809998
"2018-08-08","2018-08-08",185.179993
"2018-08-09","2018-08-09",183.089996
"2018-08-10","2018-08-10",180.259995
"2018-08-13","2018-08-13",180.050003
"2018-08-14","2018-08-14",181.110001
"2018-08-15","2018-08-15",179.529999
"2018-08-16","2018-08-16",174.699997
"2018-08-17","2018-08-17",173.800003
"2018-08-20","2018-08-20",172.5
"2018-08-21","2018-08-21",172.619995
"2018-08-22","2018-08-22",173.639999
"2018-08-23","2018-08-23",172.899994
"2018-08-24","2018-08-24",174.649994
"2018-08-27","2018-08-27",177.460007
"2018-08-28","2018-08-28",176.259995
"2018-08-29","2018-08-29",175.899994
"2018-08-30","2018-08-30",177.639999
"2018-08-31","2018-08-31",175.729996
"2018-09-04","2018-09-04",171.160004
"2018-09-05","2018-09-05",167.179993
"2018-09-06","2018-09-06",162.529999
"2018-09-07","2018-09-07",163.039993
"2018-09-10","2018-09-10",164.179993
"2018-09-11","2018-09-11",165.940002
"2018-09-12","2018-09-12",162
"2018-09-13","2018-09-13",161.360001
"2018-09-14","2018-09-14",162.320007
"2018-09-17","2018-09-17",160.580002
"2018-09-18","2018-09-18",160.300003
"2018-09-19","2018-09-19",163.059998
"2018-09-20","2018-09-20",166.020004
"2018-09-21","2018-09-21",162.929993
"2018-09-24","2018-09-24",165.410004
"2018-09-25","2018-09-25",164.910004
"2018-09-26","2018-09-26",166.949997
"2018-09-27","2018-09-27",168.839996
"2018-09-28","2018-09-28",164.460007
"2018-10-01","2018-10-01",162.440002
"2018-10-02","2018-10-02",159.330002
"2018-10-03","2018-10-03",162.429993
"2018-10-04","2018-10-04",158.850006
"2018-10-05","2018-10-05",157.330002
"2018-10-08","2018-10-08",157.25
"2018-10-09","2018-10-09",157.899994
"2018-10-10","2018-10-10",151.380005
"2018-10-11","2018-10-11",153.350006
"2018-10-12","2018-10-12",153.740005
"2018-10-15","2018-10-15",153.520004
"2018-10-16","2018-10-16",158.779999
"2018-10-17","2018-10-17",159.419998
"2018-10-18","2018-10-18",154.919998
"2018-10-19","2018-10-19",154.050003
"2018-10-22","2018-10-22",154.779999
"2018-10-23","2018-10-23",154.389999
"2018-10-24","2018-10-24",146.039993
"2018-10-25","2018-10-25",150.949997
"2018-10-26","2018-10-26",145.369995
"2018-10-29","2018-10-29",142.089996
"2018-10-30","2018-10-30",146.220001
"2018-10-31","2018-10-31",151.789993
"2018-11-01","2018-11-01",151.75
"2018-11-02","2018-11-02",150.350006
"2018-11-05","2018-11-05",148.679993
"2018-11-06","2018-11-06",149.940002
"2018-11-07","2018-11-07",151.529999
"2018-11-08","2018-11-08",147.869995
"2018-11-09","2018-11-09",144.960007
"2018-11-12","2018-11-12",141.550003
"2018-11-13","2018-11-13",142.160004
"2018-11-14","2018-11-14",144.220001
"2018-11-15","2018-11-15",143.850006
"2018-11-16","2018-11-16",139.529999
"2018-11-19","2018-11-19",131.550003
"2018-11-20","2018-11-20",132.429993
"2018-11-21","2018-11-21",134.820007
"2018-11-23","2018-11-23",131.729996
"2018-11-26","2018-11-26",136.380005
"2018-11-27","2018-11-27",135
"2018-11-28","2018-11-28",136.759995
"2018-11-29","2018-11-29",138.679993
"2018-11-30","2018-11-30",140.610001
"2018-12-03","2018-12-03",141.089996
"2018-12-04","2018-12-04",137.929993
"2018-12-06","2018-12-06",139.630005
"2018-12-07","2018-12-07",137.419998
"2018-12-10","2018-12-10",141.850006
"2018-12-11","2018-12-11",142.080002
"2018-12-12","2018-12-12",144.5
"2018-12-13","2018-12-13",145.009995
"2018-12-14","2018-12-14",144.059998
"2018-12-17","2018-12-17",140.190002
"2018-12-18","2018-12-18",143.660004
"2018-12-19","2018-12-19",133.240005
"2018-12-20","2018-12-20",133.399994
"2018-12-21","2018-12-21",124.949997
"2018-12-24","2018-12-24",124.059998
"2018-12-26","2018-12-26",134.179993
"2018-12-27","2018-12-27",134.520004
"2018-12-28","2018-12-28",133.199997
"2018-12-31","2018-12-31",131.089996
"2019-01-02","2019-01-02",135.679993
"2019-01-03","2019-01-03",131.740005
"2019-01-04","2019-01-04",137.949997
"2019-01-07","2019-01-07",138.050003
"2019-01-08","2019-01-08",142.529999
"2019-01-09","2019-01-09",144.229996
"2019-01-10","2019-01-10",144.199997
"2019-01-11","2019-01-11",143.800003
"2019-01-14","2019-01-14",145.389999
"2019-01-15","2019-01-15",148.949997
"2019-01-16","2019-01-16",147.539993
"2019-01-17","2019-01-17",148.300003
"2019-01-18","2019-01-18",150.039993
"2019-01-22","2019-01-22",147.570007
"2019-01-23","2019-01-23",144.300003
"2019-01-24","2019-01-24",145.830002
"2019-01-25","2019-01-25",149.009995
"2019-01-28","2019-01-28",147.470001
"2019-01-29","2019-01-29",144.190002
"2019-01-30","2019-01-30",150.419998
"2019-01-31","2019-01-31",166.690002
"2019-02-01","2019-02-01",165.710007
"2019-02-04","2019-02-04",169.25
"2019-02-05","2019-02-05",171.160004
"2019-02-06","2019-02-06",170.490005
"2019-02-07","2019-02-07",166.380005
"2019-02-08","2019-02-08",167.330002
"2019-02-11","2019-02-11",165.789993
"2019-02-12","2019-02-12",165.039993
"2019-02-13","2019-02-13",164.070007
"2019-02-14","2019-02-14",163.949997
"2019-02-15","2019-02-15",162.5
"2019-02-19","2019-02-19",162.289993
"2019-02-20","2019-02-20",162.559998
"2019-02-21","2019-02-21",160.039993
"2019-02-22","2019-02-22",161.889999
"2019-02-25","2019-02-25",164.619995
"2019-02-26","2019-02-26",164.130005
"2019-02-27","2019-02-27",162.809998
"2019-02-28","2019-02-28",161.449997
"2019-03-01","2019-03-01",162.279999
"2019-03-04","2019-03-04",167.369995
"2019-03-05","2019-03-05",171.259995
"2019-03-06","2019-03-06",172.509995
"2019-03-07","2019-03-07",169.130005
"2019-03-08","2019-03-08",169.600006
"2019-03-11","2019-03-11",172.070007
"2019-03-12","2019-03-12",171.919998
"2019-03-13","2019-03-13",173.369995
"2019-03-14","2019-03-14",170.169998
"2019-03-15","2019-03-15",165.979996
"2019-03-18","2019-03-18",160.470001
"2019-03-19","2019-03-19",161.570007
"2019-03-20","2019-03-20",165.440002
"2019-03-21","2019-03-21",166.080002
"2019-03-22","2019-03-22",164.339996
"2019-03-25","2019-03-25",166.289993
"2019-03-26","2019-03-26",167.679993
"2019-03-27","2019-03-27",165.869995
"2019-03-28","2019-03-28",165.550003
"2019-03-29","2019-03-29",166.690002
"2019-04-01","2019-04-01",168.699997
"2019-04-02","2019-04-02",174.199997
"2019-04-03","2019-04-03",173.539993
"2019-04-04","2019-04-04",176.020004
"2019-04-05","2019-04-05",175.720001
"2019-04-08","2019-04-08",174.929993
"2019-04-09","2019-04-09",177.580002
"2019-04-10","2019-04-10",177.820007
"2019-04-11","2019-04-11",177.509995
"2019-04-12","2019-04-12",179.100006
"2019-04-15","2019-04-15",179.649994
"2019-04-16","2019-04-16",178.869995
"2019-04-17","2019-04-17",178.779999
"2019-04-18","2019-04-18",178.279999
"2019-04-22","2019-04-22",181.440002
"2019-04-23","2019-04-23",183.779999
"2019-04-24","2019-04-24",182.580002
"2019-04-25","2019-04-25",193.259995
"2019-04-26","2019-04-26",191.490005
"2019-04-29","2019-04-29",194.779999
"2019-04-30","2019-04-30",193.399994
"2019-05-01","2019-05-01",193.029999
"2019-05-02","2019-05-02",192.529999
"2019-05-03","2019-05-03",195.470001
"2019-05-06","2019-05-06",193.880005
"2019-05-07","2019-05-07",189.770004
"2019-05-08","2019-05-08",189.539993
"2019-05-09","2019-05-09",188.649994
"2019-05-10","2019-05-10",188.339996
"2019-05-13","2019-05-13",181.539993
"2019-05-14","2019-05-14",180.729996
"2019-05-15","2019-05-15",186.270004
"2019-05-16","2019-05-16",186.990005
"2019-05-17","2019-05-17",185.300003
"2019-05-20","2019-05-20",182.720001
"2019-05-21","2019-05-21",184.820007
"2019-05-22","2019-05-22",185.320007
"2019-05-23","2019-05-23",180.869995
"2019-05-24","2019-05-24",181.059998
"2019-05-28","2019-05-28",184.309998
"2019-05-29","2019-05-29",182.190002
"2019-05-30","2019-05-30",183.009995
"2019-05-31","2019-05-31",177.470001
"2019-06-03","2019-06-03",164.149994
"2019-06-04","2019-06-04",167.5
"2019-06-05","2019-06-05",168.169998
"2019-06-06","2019-06-06",168.330002
"2019-06-07","2019-06-07",173.350006
"2019-06-10","2019-06-10",174.820007
"2019-06-11","2019-06-11",178.100006
"2019-06-12","2019-06-12",175.039993
"2019-06-13","2019-06-13",177.470001
"2019-06-14","2019-06-14",181.330002
"2019-06-17","2019-06-17",189.009995
"2019-06-18","2019-06-18",188.470001
"2019-06-19","2019-06-19",187.479996
"2019-06-20","2019-06-20",189.529999
"2019-06-21","2019-06-21",191.139999
"2019-06-24","2019-06-24",192.600006
"2019-06-25","2019-06-25",188.839996
"2019-06-26","2019-06-26",187.660004
"2019-06-27","2019-06-27",189.5
"2019-06-28","2019-06-28",193
"2019-07-01","2019-07-01",193
"2019-07-02","2019-07-02",195
"2019-07-03","2019-07-03",197.199997
"2019-07-05","2019-07-05",196.399994
"2019-07-08","2019-07-08",195.759995
"2019-07-09","2019-07-09",199.210007
"2019-07-10","2019-07-10",202.729996
"2019-07-11","2019-07-11",201.229996
"2019-07-12","2019-07-12",204.869995
"2019-07-15","2019-07-15",203.910004
"2019-07-16","2019-07-16",203.839996
"2019-07-17","2019-07-17",201.800003
"2019-07-18","2019-07-18",200.779999
"2019-07-19","2019-07-19",198.360001
"2019-07-22","2019-07-22",202.320007
"2019-07-23","2019-07-23",202.360001
"2019-07-24","2019-07-24",204.660004
"2019-07-25","2019-07-25",200.710007
"2019-07-26","2019-07-26",199.75
"2019-07-29","2019-07-29",195.940002
"2019-07-30","2019-07-30",197.039993
"2019-07-31","2019-07-31",194.229996
"2019-08-01","2019-08-01",192.729996
"2019-08-02","2019-08-02",189.020004
"2019-08-05","2019-08-05",181.729996
"2019-08-06","2019-08-06",184.509995
"2019-08-07","2019-08-07",185.149994
"2019-08-08","2019-08-08",190.160004
"2019-08-09","2019-08-09",187.850006
"2019-08-12","2019-08-12",185.369995
"2019-08-13","2019-08-13",188.449997
"2019-08-14","2019-08-14",179.710007
"2019-08-15","2019-08-15",182.589996
"2019-08-16","2019-08-16",183.699997
"2019-08-19","2019-08-19",186.169998
"2019-08-20","2019-08-20",183.809998
"2019-08-21","2019-08-21",183.550003
"2019-08-22","2019-08-22",182.039993
"2019-08-23","2019-08-23",177.75
"2019-08-26","2019-08-26",180.360001
"2019-08-27","2019-08-27",181.300003
"2019-08-28","2019-08-28",181.759995
"2019-08-29","2019-08-29",185.570007
"2019-08-30","2019-08-30",185.669998
"2019-09-03","2019-09-03",182.389999
"2019-09-04","2019-09-04",187.139999
"2019-09-05","2019-09-05",190.899994
"2019-09-06","2019-09-06",187.490005
"2019-09-09","2019-09-09",188.759995
"2019-09-10","2019-09-10",186.169998
"2019-09-11","2019-09-11",188.490005
"2019-09-12","2019-09-12",187.470001
"2019-09-13","2019-09-13",187.190002
"2019-09-16","2019-09-16",186.220001
"2019-09-17","2019-09-17",188.080002
"2019-09-18","2019-09-18",188.139999
"2019-09-19","2019-09-19",190.139999
"2019-09-20","2019-09-20",189.929993
"2019-09-23","2019-09-23",186.820007
"2019-09-24","2019-09-24",181.279999
"2019-09-25","2019-09-25",182.800003
"2019-09-26","2019-09-26",180.110001
"2019-09-27","2019-09-27",177.100006
"2019-09-30","2019-09-30",178.080002
